handle,rank,log_total_usd,pct_hood,pct_sol,pct_bsc,pct_base,pct_eth,pct_arc,pct_evm_total,active_chains_count,tokens_count,top_token_concentration_pct,hhi_concentration,chain_entropy,network_co_holding_score,archetype
theunipcs,1,7.0504,0.3814,0.3442,0.2634,0.011,0.0,0.0,0.6558,5,4,33.37,0.2298,1.136,6.25,Multichain_Syndicate
pointfarmcap,2,6.7712,0.0,1.0,0.0,0.0,0.0,0.0,0.0,2,4,97.81,0.9571,0.0001,4.75,Solana_DEX_Scalper
theveeman,3,6.6071,0.1239,0.7915,0.0667,0.018,0.0,0.0,0.2085,5,4,63.8,0.4272,0.6966,7.75,Solana_DEX_Scalper
The__Solstice,4,6.4908,0.0054,0.9945,0.0,0.0,0.0,0.0,0.0055,3,4,95.94,0.9211,0.0339,3.5,Solana_DEX_Scalper
DumbCrayonEater,5,6.4809,0.9361,0.0311,0.029,0.0,0.0038,0.0,0.9689,5,4,89.55,0.8032,0.2939,6.25,Robinhood_Meme_Whale
0xAvast,6,6.478,0.2682,0.0267,0.7048,0.0,0.0,0.0002,0.9733,5,4,70.46,0.5422,0.698,2.25,BSC_Alpha_Hunter
Chubbi230,7,6.3753,0.656,0.3079,0.0034,0.0001,0.0326,0.0,0.6921,5,4,54.81,0.4024,0.7711,8.5,Robinhood_Meme_Whale
Salem1299534,8,6.367,0.8622,0.1313,0.0002,0.0063,0.0,0.0,0.8687,5,4,70.75,0.5197,0.428,17.0,Robinhood_Meme_Whale
AvgJoesCrypto,9,6.3498,0.9208,0.0565,0.0,0.0035,0.0192,0.0,0.9435,5,4,64.36,0.4318,0.3343,9.5,Robinhood_Meme_Whale
PoorGoat_,10,6.3489,0.0003,0.9845,0.0141,0.0011,0.0,0.0,0.0155,5,4,73.08,0.5871,0.0858,13.5,Solana_DEX_Scalper
econoar,11,6.3456,0.9112,0.0072,0.0,0.0,0.0816,0.0,0.9928,3,4,70.88,0.5257,0.3249,6.5,Robinhood_Meme_Whale
FullPinkYak,12,6.2942,0.0001,0.6412,0.3587,0.0,0.0,0.0,0.3588,3,4,48.59,0.3755,0.6533,14.0,Multichain_Syndicate
gajria,13,6.2839,0.9373,0.0019,0.0,0.0,0.0608,0.0,0.9981,4,4,48.25,0.4391,0.2428,4.25,Robinhood_Meme_Whale
Natan_benish,14,6.2364,0.9972,0.0024,0.0,0.0,0.0,0.0,0.9976,4,4,95.68,0.9157,0.0206,6.25,Robinhood_Meme_Whale
RugDalio,15,6.2278,0.8972,0.1027,0.0,0.0,0.0,0.0,0.8973,3,4,68.5,0.5082,0.3314,5.75,Robinhood_Meme_Whale
0xdetweiler,16,6.2211,0.1856,0.8131,0.0,0.0,0.0013,0.0,0.1869,4,4,62.38,0.4208,0.4896,3.5,Solana_DEX_Scalper
lordarbiter,17,6.1681,0.9997,0.0002,0.0,0.0,0.0,0.0,0.9998,3,4,76.85,0.6365,0.0026,5.0,Robinhood_Meme_Whale
motiyawerey,18,6.1656,0.0136,0.9849,0.0015,0.0,0.0,0.0,0.0151,3,4,45.9,0.3589,0.0833,6.0,Solana_DEX_Scalper
brrrgrrrz,19,6.1335,0.9966,0.0033,0.0,0.0,0.0,0.0,0.9967,4,4,99.62,0.9924,0.0227,7.25,Robinhood_Meme_Whale
soby0x,20,6.1096,0.9612,0.0075,0.0002,0.0,0.0,0.0311,0.9925,4,4,27.65,0.1915,0.1847,7.0,Robinhood_Meme_Whale
Quanterty,21,6.0986,0.0209,0.0099,0.9691,0.0,0.0,0.0,0.9901,5,4,74.61,0.589,0.1576,2.0,BSC_Alpha_Hunter
bigbabbajohnson,22,6.0947,0.0062,0.9503,0.0406,0.0029,0.0,0.0,0.0497,4,4,87.05,0.7626,0.2272,11.75,Solana_DEX_Scalper
changefomo,23,6.0564,0.9864,0.0135,0.0,0.0,0.0,0.0,0.9865,5,4,98.63,0.9728,0.0727,14.0,Robinhood_Meme_Whale
0xnobi,24,6.0449,0.968,0.0319,0.0,0.0,0.0,0.0,0.9681,5,4,95.91,0.9208,0.1419,4.25,Robinhood_Meme_Whale
seralberttrades,25,6.0417,0.7287,0.1268,0.0147,0.0153,0.1145,0.0,0.8732,5,4,56.69,0.341,0.8666,15.0,Robinhood_Meme_Whale
visionary,26,6.0356,0.0024,0.9974,0.0002,0.0,0.0,0.0,0.0026,3,4,98.13,0.9631,0.0191,11.75,Solana_DEX_Scalper
pricedin,27,6.0307,0.9206,0.0069,0.0002,0.0,0.0723,0.0,0.9931,4,4,75.99,0.6063,0.3021,5.0,Robinhood_Meme_Whale
clam,28,6.0262,0.9772,0.003,0.0198,0.0,0.0,0.0,0.997,4,4,78.75,0.6432,0.1176,7.25,Robinhood_Meme_Whale
kyle,29,6.0186,0.4978,0.1221,0.0,0.1018,0.2784,0.0,0.8779,4,4,38.79,0.2147,1.1925,9.75,Multichain_Syndicate
0xRareDualJay,30,5.9974,0.8417,0.0352,0.017,0.0497,0.0563,0.0,0.9648,5,4,79.26,0.6326,0.6434,5.0,Robinhood_Meme_Whale
CardinalSaint2,31,5.9491,0.9252,0.0748,0.0,0.0,0.0,0.0,0.9252,2,4,51.98,0.4169,0.266,18.75,Robinhood_Meme_Whale
zeri_term,32,5.9393,0.0852,0.9132,0.0,0.0,0.0016,0.0,0.0868,3,4,87.98,0.7791,0.3032,8.75,Solana_DEX_Scalper
TheDazzleNovak,33,5.9294,0.0756,0.9226,0.0,0.0,0.0017,0.0,0.0774,3,4,48.42,0.3883,0.2807,14.0,Solana_DEX_Scalper
TheOnlyOMP,34,5.923,0.0,0.9503,0.0,0.0496,0.0,0.0,0.0497,2,4,83.19,0.6983,0.1976,3.5,Solana_DEX_Scalper
RowdyCrypto,35,5.906,0.0025,0.6819,0.0304,0.0001,0.285,0.0,0.3181,5,4,66.41,0.523,0.7411,12.0,Multichain_Syndicate
boosteryting,36,5.9009,0.0088,0.8699,0.1214,0.0,0.0,0.0,0.1301,3,4,77.32,0.6048,0.4188,2.5,Solana_DEX_Scalper
USronaldcarter,37,5.8851,0.0,1.0,0.0,0.0,0.0,0.0,0.0,2,4,86.62,0.7676,0.0004,14.0,Solana_DEX_Scalper
lp1,38,5.8745,0.9866,0.0,0.0133,0.0001,0.0,0.0,1.0,4,4,98.48,0.9698,0.072,5.5,Robinhood_Meme_Whale
notanicecat69,39,5.8712,0.9216,0.0784,0.0,0.0,0.0,0.0,0.9216,2,4,84.68,0.7234,0.2749,17.5,Robinhood_Meme_Whale
LehmanFarters,40,5.8682,0.6131,0.0005,0.0,0.0,0.3864,0.0,0.9995,3,4,22.91,0.094,0.6711,6.25,Robinhood_Meme_Whale
montyMole44,41,5.8292,0.5987,0.4013,0.0,0.0,0.0,0.0,0.5987,2,4,57.79,0.4951,0.6736,19.0,Robinhood_Meme_Whale
carlwheezor,42,5.8226,0.9606,0.0016,0.006,0.0319,0.0,0.0,0.9984,4,4,95.1,0.9055,0.1893,4.0,Robinhood_Meme_Whale
Tekkerrss,43,5.8096,0.1053,0.8591,0.0351,0.0006,0.0,0.0,0.1409,4,4,59.55,0.3607,0.4894,14.0,Solana_DEX_Scalper
cosby,44,5.8072,0.479,0.1528,0.3011,0.0671,0.0,0.0,0.8472,4,4,46.53,0.3343,1.1824,7.5,Multichain_Syndicate
0x_Leo_,45,5.8039,0.053,0.9469,0.0,0.0,0.0,0.0,0.0531,4,4,94.45,0.8947,0.2079,13.5,Solana_DEX_Scalper
kingofgotham,46,5.7966,0.0413,0.9166,0.0,0.0,0.0421,0.0,0.0834,3,4,74.92,0.5729,0.3449,14.5,Solana_DEX_Scalper
Milliardi,47,5.7469,0.0613,0.9385,0.0002,0.0,0.0,0.0,0.0615,3,4,80.76,0.659,0.2325,13.5,Solana_DEX_Scalper
Bull_Path,48,5.7382,0.0005,0.999,0.0004,0.0001,0.0,0.0,0.001,4,4,99.33,0.9867,0.0087,14.5,Solana_DEX_Scalper
macdegods,49,5.7321,0.0365,0.9359,0.0143,0.0008,0.0124,0.0,0.0641,5,4,82.73,0.6941,0.304,14.5,Solana_DEX_Scalper
NachSOL,50,5.7235,0.2325,0.2524,0.0037,0.0,0.5098,0.0,0.7476,5,4,49.66,0.2897,1.0614,17.5,Multichain_Syndicate
OinkersRUs,51,5.7132,0.1065,0.8897,0.0002,0.0031,0.0,0.0,0.1103,5,4,88.17,0.7841,0.3657,12.5,Solana_DEX_Scalper
looc,52,5.7108,0.4864,0.1183,0.0,0.0,0.3952,0.0,0.8817,4,4,27.95,0.1526,0.9704,11.0,Multichain_Syndicate
RZDxbt,53,5.705,0.0,0.7923,0.0,0.0,0.2076,0.0,0.2077,3,4,70.89,0.5522,0.5112,4.25,Solana_DEX_Scalper
GuavaGuy2001,54,5.6867,0.0001,0.0509,0.7211,0.0001,0.2278,0.0,0.9491,5,4,72.0,0.5705,0.726,13.75,BSC_Alpha_Hunter
aki11a,55,5.6739,0.5937,0.1927,0.0012,0.0,0.2124,0.0,0.8073,4,4,58.73,0.4029,0.9639,17.5,Robinhood_Meme_Whale
0xsneakky,56,5.6535,0.0,0.9897,0.0003,0.0,0.0099,0.0,0.0103,4,4,88.02,0.7831,0.059,13.5,Solana_DEX_Scalper
Lingard0x,57,5.6518,0.001,0.4583,0.0007,0.54,0.0,0.0,0.5417,4,4,53.74,0.4552,0.7024,11.75,Multichain_Syndicate
kb,58,5.618,0.8467,0.1533,0.0,0.0,0.0,0.0,0.8467,2,4,81.29,0.6839,0.4285,14.5,Robinhood_Meme_Whale
beetle,59,5.5942,0.0333,0.0028,0.9638,0.0,0.0,0.0,0.9972,4,4,95.37,0.9107,0.1659,1.75,BSC_Alpha_Hunter
cryptochi3f_,60,5.5668,0.8555,0.0628,0.062,0.0197,0.0,0.0,0.9372,4,4,84.85,0.7259,0.5571,16.5,Robinhood_Meme_Whale
BtheBezel,61,5.5537,0.1063,0.8937,0.0,0.0,0.0,0.0,0.1063,3,4,50.82,0.4044,0.339,12.75,Solana_DEX_Scalper
facap_,62,5.5157,0.7125,0.2647,0.0228,0.0,0.0,0.0,0.7353,3,4,39.42,0.2927,0.6797,8.5,Robinhood_Meme_Whale
Samisa_btc,63,5.5131,0.9548,0.0241,0.0211,0.0,0.0,0.0,0.9759,3,4,93.71,0.8789,0.2157,15.75,Robinhood_Meme_Whale
omakase,64,5.5102,0.0009,0.9908,0.0,0.0,0.0082,0.0,0.0092,4,4,80.65,0.6668,0.0557,12.75,Solana_DEX_Scalper
jols,65,5.4616,0.9999,0.0001,0.0,0.0,0.0,0.0,0.9999,3,4,59.27,0.517,0.0015,4.5,Robinhood_Meme_Whale
dtrains,66,5.4574,0.0001,0.9999,0.0,0.0,0.0,0.0,0.0001,2,4,67.76,0.5074,0.0008,4.0,Solana_DEX_Scalper
testaccount,67,5.3598,0.9999,0.0,0.0,0.0,0.0,0.0,1.0,1,4,62.63,0.5317,0.0006,8.25,Robinhood_Meme_Whale
user,68,5.3069,0.4871,0.5128,0.0001,0.0,0.0,0.0,0.4872,3,4,37.34,0.2855,0.6937,12.75,Multichain_Syndicate
BTCdayu,69,5.2743,0.6598,0.0202,0.3194,0.0007,0.0,0.0,0.9798,4,4,63.29,0.5026,0.7228,5.75,Robinhood_Meme_Whale
dreamloaderxo,70,5.2325,0.0001,0.9651,0.0,0.0,0.0339,0.0,0.0349,3,4,38.12,0.258,0.1563,2.25,Solana_DEX_Scalper
end837,71,5.2271,0.9998,0.0002,0.0,0.0,0.0,0.0,0.9998,2,2,0.02,0.0,0.0019,24.5,Robinhood_Meme_Whale
tremendoustoad,72,5.1063,0.0,1.0,0.0,0.0,0.0,0.0,0.0,1,4,72.91,0.5628,0.0,2.25,Solana_DEX_Scalper
naP0Liano,73,5.0689,0.0,0.471,0.0,0.0,0.529,0.0,0.529,2,4,52.9,0.5011,0.6915,15.0,Diversified_Rotator
sadcrissy,74,5.0095,0.0004,0.9988,0.0001,0.0004,0.0003,0.0,0.0012,5,4,98.78,0.9758,0.0109,13.75,Solana_DEX_Scalper
ventikohi,75,4.9912,0.2694,0.6844,0.0459,0.0001,0.0,0.0002,0.3156,4,4,66.43,0.4704,0.7566,12.0,Multichain_Syndicate
ionnnnn_,76,4.9319,0.0515,0.7933,0.0,0.0,0.1551,0.0,0.2067,3,4,68.29,0.5015,0.6258,3.5,Solana_DEX_Scalper
mrfernando88,77,4.9202,0.0,1.0,0.0,0.0,0.0,0.0,0.0,1,4,89.79,0.8166,0.0003,3.5,Solana_DEX_Scalper
carve,78,4.8494,0.0013,0.9973,0.0001,0.0,0.0013,0.0,0.0027,3,4,53.11,0.3704,0.0211,12.0,Solana_DEX_Scalper
kv4rl,79,4.798,0.0001,0.0004,0.0,0.9994,0.0,0.0,0.9996,2,4,99.94,0.9989,0.0051,12.0,High_Conviction_Maxi
BitCloutCat,80,4.7909,0.0569,0.6655,0.2706,0.0026,0.0025,0.0,0.3345,5,4,29.11,0.1098,0.8183,12.0,Multichain_Syndicate
gameplay,81,4.768,0.7234,0.2762,0.0,0.0002,0.0002,0.0,0.7238,4,4,72.3,0.599,0.5928,22.5,Robinhood_Meme_Whale
ResellCalendar,82,4.7558,0.241,0.6998,0.011,0.0132,0.035,0.0,0.3002,5,4,18.2,0.0936,0.8166,11.75,Multichain_Syndicate
yeon__,83,4.74,0.0002,0.9982,0.0014,0.0,0.0002,0.0,0.0018,4,4,60.94,0.5191,0.0146,12.75,Solana_DEX_Scalper
rainnen23,84,4.6255,0.0008,0.8062,0.0,0.1929,0.0,0.0,0.1938,3,4,67.65,0.5101,0.4972,13.0,Solana_DEX_Scalper
frankdegods,85,4.5977,0.1365,0.7207,0.1327,0.0029,0.0048,0.0,0.2793,5,4,25.35,0.0878,0.8184,14.0,Solana_DEX_Scalper
derekz,86,4.3461,0.0011,0.4499,0.0001,0.0,0.549,0.0,0.5501,3,4,54.9,0.4056,0.6964,4.0,Multichain_Syndicate
ExactTallTakin,87,4.2644,0.0,1.0,0.0,0.0,0.0,0.0,0.0,1,4,70.36,0.4964,0.0,3.5,Solana_DEX_Scalper
Pasterniq,88,3.3529,0.0555,0.6406,0.2636,0.0273,0.0121,0.0,0.3594,5,4,18.61,0.0468,0.9491,2.25,Multichain_Syndicate
frogmanhaha,89,3.3442,0.2128,0.7466,0.0315,0.0084,0.0008,0.0,0.2534,4,4,18.38,0.0651,0.7023,1.0,Solana_DEX_Scalper
idealplumtoad,90,3.29,0.2029,0.7886,0.0018,0.0,0.0067,0.0,0.2114,3,4,12.09,0.0228,0.5556,1.25,Solana_DEX_Scalper
AnselFang,91,2.2461,0.4794,0.4945,0.0,0.0,0.0,0.012,0.5055,2,4,42.9,0.2399,0.7539,13.25,Diversified_Rotator
wukong,92,2.1182,0.0922,0.0097,0.8839,0.0,0.0142,0.0,0.9903,2,4,69.61,0.5026,0.4343,1.0,BSC_Alpha_Hunter
0xSporadic,93,1.2003,0.7726,0.0425,0.0,0.0,0.0,0.136,0.9575,1,4,12.95,0.0431,0.605,1.75,Robinhood_Meme_Whale
solarfirmdingo,94,1.0246,0.2715,0.2936,0.0,0.0,0.2112,0.2002,0.7064,0,4,21.12,0.1286,1.3642,3.75,Diversified_Rotator
ether_monk,95,0.8146,0.1882,0.0,0.7992,0.0,0.0,0.0,1.0,0,3,26.59,0.1427,0.4935,1.33,BSC_Alpha_Hunter
lowrivalrat,96,0.753,0.6717,0.0,0.0,0.0,0.3283,0.0,1.0,0,3,32.83,0.2311,0.633,3.67,Robinhood_Meme_Whale
lowgrandcrane,97,0.4204,0.0,0.0,0.0,0.0,0.7062,0.0,1.0,0,1,70.62,0.4987,0.2456,5.0,Diversified_Rotator
boosted,98,5.683,0.5,0.5,0.0,0.0,0.0,0.0,0.5,2,0,0.0,1.0,0.6931,1.0,High_Conviction_Maxi
CryptoZachLA,99,5.5943,0.5,0.5,0.0,0.0,0.0,0.0,0.5,2,0,0.0,1.0,0.6931,1.0,High_Conviction_Maxi
XbtPika,100,5.5531,0.5,0.5,0.0,0.0,0.0,0.0,0.5,2,0,0.0,1.0,0.6931,1.0,High_Conviction_Maxi
