rank,handle,name,x_username,address_status,evm_address,sol_address,total_usd,primary_chain,evm_usd,sol_usd,hood_usd,solana_usd,bsc_usd,base_usd,ethereum_usd,arc_usd,active_chains_count,tokens_count,top_token_symbol,top_token_usd,top_token_concentration_pct,pnl_24h_usd,pnl_7d_usd,pnl_30d_usd,volume_usd,trades_count,avg_swap_usd,followers_x,archetype,hhi_concentration,chain_entropy,network_co_holding_score
1,theunipcs,Unipcs,theunipcs,unmasked,0x0a6ebed0155edb4b21d92ad02897a626cd90119e,2heJbC32Tpfcb3nbUb5ER61K11FGZVfVGtVnDm6LDogF,11231661.65,hood,7365824.88,3865836.77,4283659.57,3865836.77,2958146.78,123152.6,486.95,0.0,5,4,PONS,3747880.16,33.37,,,,,,,,Multichain_Syndicate,0.2298,1.136,6.25
2,pointfarmcap,point farm capital,pointfarmcap,unmasked,0xfd87eda88be6c372453b721da63d58ad1a5b2d94,Beqv6dzTcjV2eodo8RRXCiCcnSYrS1vkQKhfqwHXqeit,5904802.02,solana,24.36,5904777.66,19.94,5904777.66,1.7,0.0,2.43,0.0,2,4,STONK,5775660.67,97.81,,,,,,,,Solana_DEX_Scalper,0.9571,0.0001,4.75
3,theveeman,Vee,theveeman,unmasked,0xa0670863bd5cd0d60022bab2eed78e81e1a06bce,F5hkYsi8JxjyA2JHN5CA7MbnnhWubkXB2ZQB7Gkaxqs6,4046431.16,solana,843778.38,3202652.78,501334.1,3202652.78,269718.84,72689.81,35.36,0.0,5,4,STONK,2581680.01,63.8,,,,,,,,Solana_DEX_Scalper,0.4272,0.6966,7.75
4,The__Solstice,TheSLstice,The__Solstice,unmasked,0xd1c77a04b87393e98a1220532e72e8f7d0a31c5a,4ugDhHJ8XDXAeABmrNmGffFaLbJb9BkPyiFGVSV9ocwo,3096133.37,solana,16885.67,3079247.7,16857.26,3079247.7,6.53,14.6,0.0,7.27,3,4,STONK,2970394.02,95.94,,,,,,,,Solana_DEX_Scalper,0.9211,0.0339,3.5
5,DumbCrayonEater,DumbCrayonEater,DumbCrayonEater,unmasked,0x8f62a08537cede87d511aca6436274ab4ca080a3,5FGoPPj1nL8LCnfVnpTmreqQtqLuMXXAwuS1uahMrp8V,3026517.03,hood,2932345.98,94171.04,2833064.71,94171.04,87632.2,53.79,11592.07,0.0,5,4,AI,2710217.55,89.55,,,,,,,,Robinhood_Meme_Whale,0.8032,0.2939,6.25
6,0xAvast,Avast,0xAvast,unmasked,0xcc0c581613dfd4ace7c8686668427236f8bd5cc5,8xL8S7P4QLdTGRquHas8NP5EVjp2qUGbmSgrkh97mvmq,3005739.48,bsc,2925360.57,80378.9,806246.22,80378.9,2118529.52,11.27,0.0,572.79,5,4,MarsCoin,2117944.77,70.46,,,,,,,,BSC_Alpha_Hunter,0.5422,0.698,2.25
7,Chubbi230,230,Chubbi230,unmasked,0x8405a524d977d0998c8b585ad98d6edc41cdc943,31nAKhDacwtF7WJAfpNBY5yziuboox6zcLhdmMRTNdyW,2373003.14,hood,1642285.72,730717.43,1556616.18,730717.43,8015.2,232.92,77419.37,0.0,5,4,PONS,1300614.44,54.81,,,,,,,,Robinhood_Meme_Whale,0.4024,0.7711,8.5
8,Salem1299534,Salem,Salem1299534,unmasked,0xb8f305f27ccc406373de0082cc06cb1d065504ea,2yXwy5Dsa1XtEXcsrkFVRJeyuWD3qKkMN3pP3p5VTW3V,2328161.37,hood,2022468.68,305692.69,2007377.92,305692.69,452.64,14570.33,0.0,0.0,5,4,AI,1647234.92,70.75,,,,,,,,Robinhood_Meme_Whale,0.5197,0.428,17.0
9,AvgJoesCrypto,AJC,AvgJoesCrypto,unmasked,0x06de9c48b1e639ed5c13ec8fbd4080a38e39f2d1,H2QSGECp13sFLJgdTsDtayX3dk18Dm6sQMSQKcew7Xzk,2237569.99,hood,2111176.59,126393.4,2060292.0,126393.4,34.97,7860.96,42985.07,0.0,5,4,PONS,1440012.6,64.36,,,,,,,,Robinhood_Meme_Whale,0.4318,0.3343,9.5
10,PoorGoat_,Poorgoat,PoorGoat_,unmasked,0x9ce0cb4a193acbce0dca3283972341aed6f3f614,HDixbrzwwLXczhDBk1JVrurPQsuLE8FUKnW2pucSXN3o,2233267.82,solana,34701.94,2198565.89,755.09,2198565.89,31451.5,2477.12,14.1,0.0,5,4,CATE,1631960.53,73.08,114372.92,,282423.83,1562623.23,4281.0,863.8,588535.0,Solana_DEX_Scalper,0.5871,0.0858,13.5
11,econoar,eric,econoar,unmasked,0x1605b59dfe3c1742c815d604aab6a2faa3a5c91f,7sQJttJLutWjHkxbusTgE4GpSj5z4fegouv2USHDFN2H,2216313.71,hood,2200325.04,15988.67,2019422.88,15988.67,0.0,0.0,180900.34,0.0,3,4,BONER,1571032.16,70.88,,,,,,,,Robinhood_Meme_Whale,0.5257,0.3249,6.5
12,FullPinkYak,FullPinkYak,FullPinkYak,unmasked,0x2ed589426559024110e203a05a27efb49f4ed093,FWSPXhQAD57hXJBNsWRkYupwQ4grQrr75JiWM6CqzHva,1968632.95,solana,706309.59,1262323.36,120.8,1262323.36,706186.73,0.0,0.0,2.05,3,4,USELESS,956581.41,48.59,,,,,,,,Multichain_Syndicate,0.3755,0.6533,14.0
13,gajria,him,gajria,unmasked,0xd4cf04bc9d7c80b49c6c30a633f7b9bd5370b4d6,D9tPQeij7vSTZwkxzxZibso4GFuRW8aBMpCg5QhCSfVL,1922641.17,hood,1919043.04,3598.13,1802156.61,3598.13,11.15,0.0,116865.58,9.69,4,4,BONER,927668.22,48.25,,,,,,,,Robinhood_Meme_Whale,0.4391,0.2428,4.25
14,Natan_benish,nate,Natan_benish,unmasked,0x1890e719822bc704c4f117aa4109401c2bab6f79,DCeH3aCsstGUSxQqS72VBZwTydoor1nQ6dWaxrgGQk39,1723534.85,hood,1719325.76,4209.09,1718667.94,4209.09,0.0,50.08,4.56,0.0,4,4,AI,1649085.78,95.68,,,,,,,,Robinhood_Meme_Whale,0.9157,0.0206,6.25
15,RugDalio,rugdalio,RugDalio,unmasked,0xaf3a73c19118409936bdea72fd975c7539f85359,Ak6gsstZwaRDYKnzdyNg2HvCXDFvv21afjVix9VGRMQv,1689671.39,hood,1516113.09,173558.3,1516055.21,173558.3,48.77,0.0,6.13,2.16,3,4,PONS,1157362.53,68.5,,,,,,,,Robinhood_Meme_Whale,0.5082,0.3314,5.75
16,0xdetweiler,theo,0xdetweiler,unmasked,0x838a336d19ae121a0ca754ebbdd57282de656dfa,EC2f5DnHzuNRit1ExqghSifDbp1wgrzktsRRZCtU92MJ,1663902.45,solana,310954.16,1352948.29,308751.71,1352948.29,26.07,0.0,2173.43,2.05,4,4,STONK,1038005.64,62.38,,,,,,,,Solana_DEX_Scalper,0.4208,0.4896,3.5
17,lordarbiter,lordarbiter,lordarbiter,unmasked,0x712b009be8006d28738fd4810ee1440e277bae03,9EhcDGGJ6NpetxNumZKwD1o1kuHBwvfNGKrmS6zekP7C,1472703.57,hood,1472365.81,337.76,1472301.99,337.76,59.53,0.0,2.24,2.05,3,4,PONS,1131714.95,76.85,,,,,,,,Robinhood_Meme_Whale,0.6365,0.0026,5.0
18,motiyawerey,Werey,motiyawerey,unmasked,0xe07be4390e3478e12cb1124ed011e769a3366e16,DmopudSGaQQenK4cW5NgmHUsexMB3sEJNn6n1EfLKs28,1464059.02,solana,22110.72,1441948.29,19844.56,1441948.29,2264.11,0.0,0.0,2.05,3,4,ZCAT,672025.24,45.9,,,,,,,,Solana_DEX_Scalper,0.3589,0.0833,6.0
19,brrrgrrrz,Burgz,brrrgrrrz,unmasked,0x8e4f5d00a5f4d7877a0f66b98fdf9d40323bc52a,GFRjGNXY8JrGSPC46inqrH4XPdUFMDLkE1oNm1nXiPsJ,1359841.05,hood,1355337.53,4503.52,1355275.92,4503.52,0.0,46.61,10.85,2.11,4,4,AI,1354677.59,99.62,,,,,,,,Robinhood_Meme_Whale,0.9924,0.0227,7.25
20,soby0x,soby,soby0x,unmasked,0x0f9a7a53b36daf1f52fe7a616ea4b25c532d2fd2,5opd5KBmodmoNuAThQ5cmXKbRxHbQDfomWGKAs3uEUP9,1286939.36,hood,1277248.8,9690.56,1236974.84,9690.56,297.09,0.0,1.72,39973.73,4,4,AI,355902.59,27.65,,,,,,,,Robinhood_Meme_Whale,0.1915,0.1847,7.0
21,Quanterty,Qwerty,Quanterty,unmasked,0x0121525f755c9e7bbc525bba6672716ab46ced57,8f39XhhZoRD8sYb6K5K9N7iSHXkL7BDmFFQNDF3TtsEr,1254811.07,bsc,1242398.71,12412.36,26220.82,12412.36,1216061.0,56.54,0.0,0.0,5,4,牛来,936211.73,74.61,,,,,,,,BSC_Alpha_Hunter,0.589,0.1576,2.0
22,bigbabbajohnson,big babba johnson,bigbabbajohnson,unmasked,0x194db29f5bebacf3201abc9dbdda452116a3ff23,mDR91ufq4S2uSHa9E2PYL7xg4LwcQXaQFP7YK864a1z,1243662.61,solana,61842.27,1181820.34,7737.41,1181820.34,50487.02,3607.49,8.04,0.0,4,4,USDC,1082610.67,87.05,,,,,,,,Solana_DEX_Scalper,0.7626,0.2272,11.75
23,changefomo,change,changefomo,unmasked,0x92bff72e6c943a1348aedf15d68e758e811dec64,J9WiAZKf8JnCkHFL8fLCCXdEgdoLjLRqU2EGsDjdqYga,1138804.29,hood,1123397.25,15407.04,1123275.3,15407.04,0.0,15.53,0.0,0.0,5,4,CASHCAT,1123158.05,98.63,,,,,,,,Robinhood_Meme_Whale,0.9728,0.0727,14.0
24,0xnobi,nobi,0xnobi,unmasked,0x8afc1142f5d3ca6c55bbc8c81d0c9cdf2cce380c,7MjWHGVQNo9SAsAQqK2rAjoeCjefhwYQEy3UhggxakTU,1109046.8,hood,1073636.43,35410.37,1073579.5,35410.37,12.76,12.71,0.0,19.07,5,4,PONS,1063676.25,95.91,,,,,,,,Robinhood_Meme_Whale,0.9208,0.1419,4.25
25,seralberttrades,Ser Albert,seralberttrades,unmasked,0x91645809dd21c69aa6ffdb71c7b7d8a443a18fda,Cqu5uKfKh6mSfqasYKGDYghGc7J54FAp9WCus9QnQSsR,1100689.58,hood,961131.19,139558.39,802104.43,139558.39,16195.01,16852.25,125977.45,0.0,5,4,ORBIO,624035.43,56.69,,,,,,,,Robinhood_Meme_Whale,0.341,0.8666,15.0
26,visionary,Visionary,visionary,unmasked,0xa98fdae24104a6fbf0799a15069caf749112790c,4JafciCHuforHqeWqBhK36DMCGbjbMMZRkvZKis74c4s,1085309.33,solana,2858.86,1082450.46,2607.93,1082450.46,243.63,3.39,0.0,2.05,3,4,USDC,1065003.88,98.13,,,,,,,,Solana_DEX_Scalper,0.9631,0.0191,11.75
27,pricedin,pricedin,pricedin,unmasked,0x85d26724d4447a85ec1089b0a572c97f1ad476f3,EU7FSVgkt8eZYV199enSCoQa3qoH6h6HP8v9BqpGDeG5,1073182.06,hood,1065733.44,7448.62,987960.18,7448.62,180.6,0.0,77590.61,2.05,4,4,ORBIO,815510.02,75.99,,,,,,,,Robinhood_Meme_Whale,0.6063,0.3021,5.0
28,clam,clam,clam,unmasked,0xa8c6bdae9ba7e6371d839f4bdab94085b32c8c39,Dx2HdT2RWCXqPGdH964JhzrSGdGMRQVY7n2jEYZt9njF,1062184.89,hood,1059017.85,3167.04,1038012.74,3167.04,20986.18,17.73,1.19,0.0,4,4,ORBIO,836474.29,78.75,,,,,,,,Robinhood_Meme_Whale,0.6432,0.1176,7.25
29,kyle,kyle,kyle,unmasked,0x39b337121494b10cffe3e581ab3281b2d62c5b08,EJ1izM56eBS5baVLk7Q4iaQvsgCPa3W5bZgc44wwHz8U,1043755.4,hood,916345.71,127409.69,519578.02,127409.69,2.17,106208.3,290556.97,0.0,4,4,PONS,404867.8,38.79,,,,,,,,Multichain_Syndicate,0.2147,1.1925,9.75
30,0xRareDualJay,RareDualJay,0xRareDualJay,unmasked,0xd67d64afc4e0337613cd31bd76b69e9887b7d26c,AXN4A7HNzncqzD9KGSbiSzE58vqvQmQxn8jhfYCKx9ai,993974.94,hood,958940.79,35034.15,836669.99,35034.15,16933.39,49383.41,55951.94,0.0,5,4,ORBIO,787842.2,79.26,,,,,,,,Robinhood_Meme_Whale,0.6326,0.6434,5.0
31,CardinalSaint2,Cardinal Saint,CardinalSaint2,unmasked,0xb7749bd1a4b632f54b054a15a8066fd227fc938e,HYh78tNpGBUcxoHgPU9v7VeP2wqSbkapuTzrfYHjfyLo,889426.44,hood,822887.68,66538.76,822882.37,66538.76,1.08,0.0,2.17,2.05,2,4,BONER,462331.57,51.98,,,,,,,,Robinhood_Meme_Whale,0.4169,0.266,18.75
32,zeri_term,zeri_terminal,zeri_term,unmasked,0xa562df7d4a58b34c226d4d45d58379d06d03cd3e,3hHvAzxMs6cMYU638oeg6cGp1C1tqRF1VPWnDEZddEhL,869507.82,solana,75486.13,794021.7,74070.51,794021.7,0.0,1.34,1412.22,2.05,3,4,ZCAT,764985.28,87.98,,,,,,,,Solana_DEX_Scalper,0.7791,0.3032,8.75
33,TheDazzleNovak,Dazzle Novak,TheDazzleNovak,unmasked,0x33e2230066c8665c525b1b5a25f857e243086ac2,HspgvMUZf9AtZz6EiqL5wjFPaEDSDegGtqFqXE6MDNxm,849958.8,solana,65763.17,784195.63,64285.02,784195.63,7.58,0.0,1468.51,2.05,3,4,STONK,411537.53,48.42,,,,,,,,Solana_DEX_Scalper,0.3883,0.2807,14.0
34,TheOnlyOMP,Old Man Pervert,TheOnlyOMP,unmasked,0x33dcea75de7cde9aabbc76482b35964e600ae359,49MHZz9c1mE1ePTcLxBWPjf7KKzt3Ntd25JnspKvV8vL,837528.4,solana,41590.19,795938.21,8.99,795938.21,0.0,41579.14,0.0,2.05,2,4,STONK,696761.81,83.19,,,,,,,,Solana_DEX_Scalper,0.6983,0.1976,3.5
35,RowdyCrypto,rowdy,RowdyCrypto,unmasked,0x03ba951f72e59899ac8dab30cb5624dbe5d52bb8,CzU8MaRcwvwUoNkwJFLbvtFWJugcEXAhDDQqNFE4ybb7,805364.86,solana,256165.55,549199.31,2052.29,549199.31,24513.45,65.83,229530.73,0.0,5,4,USDC,534859.05,66.41,,,,,,,,Multichain_Syndicate,0.523,0.7411,12.0
36,boosteryting,jack,boosteryting,unmasked,0x5b30d0e72d624e0717d038a1982c88062c97de9a,EVqxB3F6iUBeWsTpBFQqWwxpqUS8s4NrzgxBvQ2VRbTq,796020.52,solana,103597.47,692423.05,6970.03,692423.05,96621.51,5.92,0.0,0.0,3,4,CATE,615520.35,77.32,69837.34,,75362.39,1836521.59,4160.0,458.21,73940.0,Solana_DEX_Scalper,0.6048,0.4188,2.5
37,USronaldcarter,Ronald,USronaldcarter,unmasked,0x1aec990ecf787863cf08f6e530d0a89affe8dc3e,6CpipySaXTAiUKDyyhWeCfYSMQLCiHrbCN1WvRv5s8kF,767554.41,solana,26.16,767528.25,25.26,767528.25,0.0,0.0,0.0,0.0,2,4,SOL,664863.23,86.62,,,367016.09,7378877.63,291.0,7529.47,30911.0,Solana_DEX_Scalper,0.7676,0.0004,14.0
38,lp1,LP1,lp1,unmasked,0x1fce5a5d5b00c8a8cd80e8bdc608ebf8eb17cd7e,2FhGQ8XSxoeM8PFGg14QdkWGwdukyEoXa36Qags2m5uw,748987.97,hood,748955.26,32.72,738922.15,32.72,9986.81,44.9,1.41,0.0,4,4,AI,737584.59,98.48,,,,,,,,Robinhood_Meme_Whale,0.9698,0.072,5.5
39,notanicecat69,wood,notanicecat69,unmasked,0xb02208d1b27811480cf6171bccc2b7af9513cddb,7iPPqPyrqcmfenRs4xZ72ab4pyuUofXB5YaQB83WJmT9,743378.28,hood,685090.49,58287.79,685085.62,58287.79,1.74,0.0,0.0,2.05,2,4,AI,629460.28,84.68,,,,,,,,Robinhood_Meme_Whale,0.7234,0.2749,17.5
40,LehmanFarters,Lehman Farters,LehmanFarters,unmasked,0x27d6a5a1d9a5e89bfce0239f08d9c95cf2256ebb,7aoGoRSexZu1DE4vC24CVo4SqWrBDeoJ34qLRGUsL9ha,738184.79,hood,737819.28,365.51,452558.09,365.51,0.0,0.0,285260.55,0.0,3,4,ZC,169138.45,22.91,,,,,,,,Robinhood_Meme_Whale,0.094,0.6711,6.25
41,montyMole44,jb,montyMole44,unmasked,0x68608b0c5c9781d7e38229fb67fd9ac450fecd23,J9k5KYANz5btiWVXWtjH28xvUTxfgo7ZbybcEUWLNsbd,674864.92,hood,404018.22,270846.7,404013.9,270846.7,1.08,0.0,1.19,2.05,2,4,BONER,390005.96,57.79,,,,,,,,Robinhood_Meme_Whale,0.4951,0.6736,19.0
42,carlwheezor,Carl Wheezor,carlwheezor,unmasked,0x52c754cbaa03a8cda2b3d125ec441f9d754da037,ArNgsHnj485Qe8Y9YVbLL9Q4xmeejBxy4omdtpy5RRHU,664636.57,hood,663588.79,1047.79,638427.21,1047.79,3958.37,21198.67,2.24,0.0,4,4,PONS,632092.57,95.1,,,,,,,,Robinhood_Meme_Whale,0.9055,0.1893,4.0
43,Tekkerrss,Tekkerrss,Tekkerrss,unmasked,0xe2aa5249955645acd0cdcfc2b3c22fb73666b473,7UBjMaYsE3tKcanfgGrtso6aHAMhVNSVHkkX5j3t7f5y,644987.96,solana,90902.4,554085.56,67912.14,554085.56,22611.0,372.02,0.0,5.62,4,4,USDC,384097.14,59.55,,,99280.21,4313558.27,2268.0,551.68,17476.0,Solana_DEX_Scalper,0.3607,0.4894,14.0
44,cosby,cosby,cosby,unmasked,0xf1882812aacac1df9a58195dbbd2f97fe48f81f2,HmLwYRdPE3QsSexagobJdjxcWFZgqrSXtsQUrRZLWqnB,641511.58,hood,543463.37,98048.21,307274.96,98048.21,193145.19,43041.16,0.0,2.05,4,4,PONS,298468.95,46.53,,,,,,,,Multichain_Syndicate,0.3343,1.1824,7.5
45,0x_Leo_,leo,0x_Leo_,unmasked,0xeb0f432beecf10dcc828fc1e36a3386caf634637,3qBVJLMAWXCbW3nhz99T99in82zZeUHkbDeSDJThbN4Z,636599.49,solana,33795.39,602804.1,33767.14,602804.1,13.85,11.25,0.0,2.05,4,4,USDC,601238.54,94.45,,,,,,,,Solana_DEX_Scalper,0.8947,0.2079,13.5
46,kingofgotham,kingofgotham,kingofgotham,unmasked,0x594d505cf81a5083b5bfb860ca0e1f206a236d1e,2jANbCxjjouGqxYghVRVQHJiUMgjS9WtXapgg6DqzS9r,626020.31,solana,52221.69,573798.63,25865.46,573798.63,0.0,0.0,26354.17,2.05,3,4,USDC,469000.03,74.92,,,,,,,,Solana_DEX_Scalper,0.5729,0.3449,14.5
47,Milliardi,Michael Milliardi,Milliardi,unmasked,0x8b1d384748b787efc3915ca02b8e7015b30fae3c,C4DKn6oqmJE8cZgPDU3X8N2S9MPFSjFSnUjv7WJCGxHh,558355.79,solana,34354.54,524001.24,34243.01,524001.24,108.58,0.0,0.0,2.05,3,4,USDC,450935.02,80.76,,,,,,,,Solana_DEX_Scalper,0.659,0.2325,13.5
48,Bull_Path,Bull.Path,Bull_Path,unmasked,0xe31abb7b23904c48a2efca4c3006da1a98723c7f,F11mt2PsYTR7RF7hzfvFyeFbWREiCS3soa5pGbPX88Lb,547300.47,solana,536.72,546763.75,252.22,546763.75,230.54,49.93,0.0,2.17,4,4,CATE,543648.52,99.33,42616.68,,102416.14,2306796.18,2328.0,2277.19,31867.0,Solana_DEX_Scalper,0.9867,0.0087,14.5
49,macdegods,333,macdegods,unmasked,0x6150b917c11443d5c885ea6751db92a38fd4f5a4,5RZPhPW9qGEd3hRGibgYaF5Yk2jBzXR1VZMKSP71C3Lb,539636.19,solana,34580.63,505055.57,19715.6,505055.57,7705.93,444.6,6712.19,0.0,5,4,USDC,446447.5,82.73,,,,,,,,Solana_DEX_Scalper,0.6941,0.304,14.5
50,NachSOL,nach,NachSOL,unmasked,0x17fb03925acec7a799022ad5e268d2f27e9748b3,GAsnqm4XkNkPVgrAofNQ65jWf8f3tKCLHhE9ZqSy2AP1,529067.62,ethereum,395518.33,133549.29,122983.08,133549.29,1942.85,0.0,269707.43,0.0,5,4,ZC,262711.04,49.66,,,,,,,,Multichain_Syndicate,0.2897,1.0614,17.5
51,OinkersRUs,Grant Liu,OinkersRUs,unmasked,0x4946384166c60244cf383927bd7d2536ed2ae962,DPAN2Vig8BokpQCCu4mtV1mTWYLS7ktKe1hHKVBcsayL,516710.87,solana,56994.28,459716.59,55048.33,459716.59,115.51,1610.98,0.0,0.0,5,4,USDC,455608.87,88.17,,49564.01,102865.6,2783189.35,1749.0,871.93,17316.0,Solana_DEX_Scalper,0.7841,0.3657,12.5
52,looc,looc,looc,unmasked,0xf83143c99163778a0021b35912b2fcd1006506c5,DyBKpVqM5GTXzd9w4V2xgHan5uurKbHzbUGduz2cxAha,513796.69,hood,452997.28,60799.41,249923.76,60799.41,18.08,0.0,203055.19,0.0,4,4,CLAUS,143618.96,27.95,,,,,,,,Multichain_Syndicate,0.1526,0.9704,11.0
53,RZDxbt,rzd,RZDxbt,unmasked,0xafe3b520b70db0f7fb50d2e1fc00e9b837abc322,5MfuqNSawthUL1qdJJTN8DauQvJYSUkuuZuySXuVc6Tz,506944.5,solana,105282.95,401661.56,15.1,401661.56,0.0,0.0,105265.75,2.05,3,4,STONK,359358.23,70.89,,,,,,,,Solana_DEX_Scalper,0.5522,0.5112,4.25
54,GuavaGuy2001,Guava Guy,GuavaGuy2001,unmasked,0x566dc593a1b15d5fdd8ef2a04f2c9acf3b0749b4,C481ZKiw4TZGs4EjNkhm6TB7s17swzmqAmCcNm73vGnW,486064.59,bsc,461316.47,24748.12,52.76,24748.12,350494.69,33.39,110733.58,0.0,5,4,牛来,349972.47,72.0,,,,,,,,BSC_Alpha_Hunter,0.5705,0.726,13.75
55,aki11a,aki,aki11a,unmasked,0x3740315ddb76c09c873eddb71fcf3e2802991abe,85o5GZhor1ygRCzGDNRcsRCJyiQ3daGTGYHNXvCTJ4J7,471937.29,hood,381015.11,90922.19,280199.9,90922.19,551.79,0.0,100261.36,2.05,4,4,AI,277184.64,58.73,,,,,,,,Robinhood_Meme_Whale,0.4029,0.9639,17.5
56,0xsneakky,Sneaky,0xsneakky,unmasked,0xe9132a6e4a610b796abba5fd4210911fafa55a22,FfztZq1outrYfyYbKw5P4LGo4xUc4XYEdf7o91UdS7qu,450340.45,solana,4629.96,445710.49,16.92,445710.49,143.37,1.66,4467.76,0.0,4,4,USDC,396393.86,88.02,,,109010.56,12599598.62,8014.0,1161.15,23640.0,Solana_DEX_Scalper,0.7831,0.059,13.5
57,Lingard0x,Lingard,Lingard0x,unmasked,0xb3f815dac319bd560e535f6788f0d9ed9c73eb3e,B9FJomxFnA5WauXkJdh4GBke3NAaGnC8nwEEW6sEGQ7y,448568.35,base,242979.28,205589.07,428.03,205589.07,335.77,242211.57,0.0,2.05,4,4,UMIA,241056.15,53.74,,,,,,,,Multichain_Syndicate,0.4552,0.7024,11.75
58,kb,kb,kb,unmasked,0xb832e0433ef093eeb789d77747197b5fe1ea3d34,CZPVN8ucAkFfWUuKzGzL21Y6k1RvBo8bQLFHCcvi75z4,414962.52,hood,351341.66,63620.87,351338.16,63620.87,0.0,0.0,1.19,2.1,2,4,BONER,337324.5,81.29,,,,,,,,Robinhood_Meme_Whale,0.6839,0.4285,14.5
59,beetle,beetle,beetle,unmasked,0x0e17fc4e333958e7b259ab652f334b2f5bbdb27e,8RCEq8RrBJ1G6eji9vZqjtjQgkDjUHMysPtynZENWo7S,392858.13,bsc,391750.7,1107.44,13098.31,1107.44,378632.47,13.44,3.32,0.0,4,4,牛来,374673.18,95.37,,,,,,,,BSC_Alpha_Hunter,0.9107,0.1659,1.75
60,cryptochi3f_,CryptoChief,cryptochi3f_,unmasked,0xcb01c5f4697f555172bf1c2c5f52cde84a9480bb,FF6vsaUcp4s95Q5NNm7VZ7deZU6gBU2vZmaiyQ36Ymrc,368827.7,hood,345660.81,23166.89,315529.36,23166.89,22876.27,7255.19,0.0,0.0,4,4,AI,312947.67,84.85,,,,,,,,Robinhood_Meme_Whale,0.7259,0.5571,16.5
61,BtheBezel,B The Bezel,BtheBezel,unmasked,0x15c6a76136b597c7896dca6da7b3319daffc987e,HWYpE693cw8AWxHSynrHhUsKDbfzubAFYWpTcMZdNWKR,357810.58,solana,38031.7,319778.88,38018.74,319778.88,10.89,0.0,0.0,2.05,3,4,USDC,181844.06,50.82,,32096.4,,7567659.35,1431.0,2074.47,14337.0,Solana_DEX_Scalper,0.4044,0.339,12.75
62,facap_,fa cap,facap_,unmasked,0x696cba91fdc752171f7bb0a8e689c13212c77e03,6pqQAbupoEeFNsm3egPWqnWBGZUQ86x9eR7zTsiyWrCp,327831.87,hood,241067.04,86764.83,233578.97,86764.83,7486.88,0.0,1.19,0.0,3,4,BONER,129223.37,39.42,,,,,,,,Robinhood_Meme_Whale,0.2927,0.6797,8.5
63,Samisa_btc,samisa,Samisa_btc,unmasked,0xd73d6b8b9e875569c0f03c572a3806e619bcbec2,FS6zZg5zHTfwhwdqWBx7tmhZFmVnU8fAu9TYBFYoMGBg,325934.39,hood,318073.41,7860.99,311193.81,7860.99,6867.35,8.14,0.0,2.05,3,4,PONS,305418.8,93.71,,,,,,,,Robinhood_Meme_Whale,0.8789,0.2157,15.75
64,omakase,Omakase,omakase,unmasked,0x6802190b213325612bc709b4972f7e6f408456a9,F5MYbjEATQFD6rxwdS2zXzEHBGuUhSGvJkUhLFAcr4hv,323762.62,solana,2983.28,320779.34,305.43,320779.34,12.07,0.0,2663.72,2.05,4,4,USDC,261100.44,80.65,,,,,,,,Solana_DEX_Scalper,0.6668,0.0557,12.75
65,jols,jols,jols,unmasked,0x0bac76d5ed4274df7c7b7ce628151a922445639d,AsVnRavmxdTHYEKdVygY8wz6kVGrUZzUyKYvSiDr8iBr,289479.7,hood,289458.7,21.01,289437.58,21.01,2.39,10.19,6.49,0.0,3,4,PONS,171569.14,59.27,,,,,,,,Robinhood_Meme_Whale,0.517,0.0015,4.5
66,dtrains,dtrains,dtrains,unmasked,0x742e3433fa40750a0eafb39fb7ffd75cd629f55f,AgSELf8jkJYUfEpLNfUxpj3qf21tbLFdHsqvkHWjuYPC,286702.11,solana,23.04,286679.07,20.24,286679.07,0.0,0.0,0.0,2.05,2,4,ZCAT,194276.99,67.76,,,,,,,,Solana_DEX_Scalper,0.5074,0.0008,4.0
67,testaccount,Test Account,testaccount,unmasked,0xdb5cb33ccaf4a5c7f509b2e80f0ee9ed67861942,FBqEkbfAFxAAGfSCZtxPQThomADu6qf1nd41Ao1E3xkH,228999.45,hood,228991.34,8.11,228987.33,8.11,0.0,0.0,1.95,2.05,1,4,BONER,143427.08,62.63,,,,,,,,Robinhood_Meme_Whale,0.5317,0.0006,8.25
68,user,user,user,unmasked,0xdce001e4ec11ab58650c51ae9658accbe0f49c48,2L17Sw85Lh2Ca7ejEzWqyJsZ3yS4DxQhYr52X5H5xRns,202732.12,solana,98777.76,103954.36,98758.21,103954.36,12.06,3.43,0.0,2.11,3,4,ABYSS,75700.11,37.34,,,,,,,,Multichain_Syndicate,0.2855,0.6937,12.75
69,BTCdayu,大宇,BTCdayu,unmasked,0xf21e2804f0a696eb3f005b6673704dfe5a0321c8,8qzGWFhgccZCx9GtEv3iocp6jE4sGfspGUFu3qA2hMfP,188074.16,hood,184280.72,3793.44,124085.76,3793.44,60063.23,128.87,0.0,2.11,4,4,PONS,119027.98,63.29,,,,,,,,Robinhood_Meme_Whale,0.5026,0.7228,5.75
70,dreamloaderxo,dreamloader,dreamloaderxo,unmasked,0xf75f2f708e489299c992349a73baec209b400aa0,4KFjw2xfH4cXJJKjG1jDZRNphctZPMoFz3K6r3bAVtmD,170795.92,solana,5958.72,164837.2,9.59,164837.2,6.26,0.0,5785.91,0.0,3,4,baton,65114.08,38.12,,,,,,,,Solana_DEX_Scalper,0.258,0.1563,2.25
71,end837,end,end837,unmasked,0x24fb52e17e3d4fd62a119b8f53c1a3f3bfe65c2f,5DBkonys2H4qHr5x9CCeXPLSWEFbnnLFP1RdfxjJgzvy,168676.53,hood,168646.35,30.18,168644.49,30.18,0.0,0.0,1.86,0.0,2,2,USDC,30.18,0.02,88752.22,251317.97,382914.19,1548685.52,102.0,9991.52,11283.0,Robinhood_Meme_Whale,0.0,0.0019,24.5
72,tremendoustoad,tremendoustoad,tremendoustoad,unmasked,0xbd0543e384ed7f650915d2499d7935b0e52a3640,Dw3LY8NnG3BB1EEXCNJwAKtVoEE7faEYiygYNHfFPNb1,127735.13,solana,0.02,127735.11,0.0,127735.11,0.0,0.0,0.0,0.0,1,4,HOOKED,93131.73,72.91,,,,,,,,Solana_DEX_Scalper,0.5628,0.0,2.25
73,naP0Liano,SpaceHart,naP0Liano,unmasked,0xae91bb08fda02cf7f097d2d90b4230dbd7abf8be,7c7FTgNbtq6Scy8Zp5HZULn7ovV3zHQG2gSKHKUhDgT6,117182.41,ethereum,61987.41,55195.0,0.0,55195.0,0.0,0.0,61986.79,0.0,2,4,CLAUS,61985.61,52.9,,,,,,,,Diversified_Rotator,0.5011,0.6915,15.0
74,sadcrissy,Crissy,sadcrissy,unmasked,0xfec1002223824973bcd7907d133b4c027beb40c0,2GtmuqG31LuuWQmKzeK72YjH5iALPkJycuQaEQGsFzLw,102209.24,solana,125.8,102083.45,41.59,102083.45,12.82,38.86,30.47,0.0,5,4,USDC,100965.56,98.78,,,,,,,,Solana_DEX_Scalper,0.9758,0.0109,13.75
75,ventikohi,kohi,ventikohi,unmasked,0x410ddf68cf002b507e91d006e143ed57623132ff,5KVy7JCVrhJHXcDHmyUtWi2ri78KEhjfE3UZULyMjJE6,97992.54,solana,30926.14,67066.4,26398.2,67066.4,4502.6,7.4,0.0,16.85,4,4,USDC,65093.33,66.43,,,,,,,,Multichain_Syndicate,0.4704,0.7566,12.0
76,ionnnnn_,Spartee,ionnnnn_,unmasked,0xe68a514e5580c0551cdb0e772794f5a7881b8d7c,HPZJPCpMKEY1mBfvLE7RrwcpiQDncLY575dBgc6S9sJ1,85489.76,solana,17667.31,67822.45,4406.89,67822.45,0.0,0.0,13258.36,2.05,3,4,MASK,58381.67,68.29,,,,,,,,Solana_DEX_Scalper,0.5015,0.6258,3.5
77,mrfernando88,MrFernando,mrfernando88,unmasked,0xdfa06f8e659b75894691bd5726b571728ade835c,AUYLj5kLGUadmhn8kM91KnTJYfHiXGzcQ7TViP8uLLQv,83220.64,solana,2.87,83217.77,0.0,83217.77,0.0,0.0,0.0,2.05,1,4,ZCAT,74722.55,89.79,,,,,,,,Solana_DEX_Scalper,0.8166,0.0003,3.5
78,carve,Carve,carve,unmasked,0x8d70dd64764a866426eaa34e02884957fc52cab4,H6PEtpaDddtPEQjvGwEq5y7nF7WpNsTNy73m5h97oTye,70689.17,solana,192.92,70496.26,92.93,70496.26,3.79,0.0,94.06,2.13,3,4,MASK,37543.8,53.11,,,,,,,,Solana_DEX_Scalper,0.3704,0.0211,12.0
79,kv4rl,k4rl,kv4rl,unmasked,0x1338a67b37aeaf796357d78501a0c3695c51c48e,33qkCrKgTSittYJrbJK3vK8inJ3gWU4zVCiGdYQytTUj,62807.77,base,62780.35,27.42,8.14,27.42,0.0,62772.21,0.0,0.0,2,4,DRV,62772.21,99.94,,,,,,,,High_Conviction_Maxi,0.9989,0.0051,12.0
80,BitCloutCat,Lasercat397,BitCloutCat,unmasked,0xcbaea88c17888e3c7b84117bd6ebbdbf4f95b810,5dB6rj9CoXMLQCAymoC5UXCb1LtFjbM5rbut3MNuj9Q,61782.03,solana,20668.98,41113.06,3515.29,41113.06,16715.44,161.63,153.99,0.0,5,4,PAID,17986.66,29.11,,,,,,,,Multichain_Syndicate,0.1098,0.8183,12.0
81,gameplay,gameplay,gameplay,unmasked,0xd4ba7169e9f89ffa94cbbb41b0df668eee25737d,ENkZtLj1onzQRGnEeRkQfFzBeeY2dCeiQMXDzh8XbQbj,58619.46,hood,42428.94,16190.52,42405.82,16190.52,0.0,11.25,10.77,0.0,4,4,STANDARD,42382.05,72.3,,,,,,,,Robinhood_Meme_Whale,0.599,0.5928,22.5
82,ResellCalendar,rc,ResellCalendar,unmasked,0xf7c0d9aee226b632a25b1c096d8c285ed20d55b1,DxM1hfY8FQ8dNGrucuJzhJcF8KRbjk8WBwrgKvQ9spPv,56990.76,solana,17108.9,39881.86,13736.06,39881.86,625.74,750.34,1994.47,0.0,5,4,BUTTHOLE,10371.2,18.2,,,150597.68,12476478.22,4555.0,1426.21,109527.0,Multichain_Syndicate,0.0936,0.8166,11.75
83,yeon__,Yeon,yeon__,unmasked,0x172695ac783cc308fc3699e0a5d161494eb5ad58,DHnrkgve2u4nGAmzSXdWoZSib8ksFea2xxz7N4asSrvR,54959.49,solana,100.46,54859.04,10.57,54859.04,79.3,0.0,10.56,0.0,4,4,pill,33492.67,60.94,,,,,,,,Solana_DEX_Scalper,0.5191,0.0146,12.75
84,rainnen23,rain,rainnen23,unmasked,0xdbea0f1d234240e8f8a884cf0461371b3ec2dbcc,6TW1xYEWNB9umdAAkvyj1jYGhxCGmkJv67dv8MMYecK9,42220.34,solana,8180.2,34040.15,34.49,34040.15,1.27,8144.44,0.0,0.0,3,4,USDC,28562.16,67.65,,,,,,,,Solana_DEX_Scalper,0.5101,0.4972,13.0
85,frankdegods,Frank,frankdegods,unmasked,0x696d1265c8fc4f14797abebfae3c43ebfa9d8e28,498g1rVnFcnjBjpfw1xyqA1WvgQXUU8RWuELjxkjAayQ,39597.67,solana,11058.82,28538.85,5404.66,28538.85,5256.2,113.09,191.0,0.0,5,4,USDC,10037.99,25.35,,,,,,,,Solana_DEX_Scalper,0.0878,0.8184,14.0
86,derekz,derekz,derekz,unmasked,0xa81a48e9e52527564b1fddba2ea600b6d2d74c61,ApUwcBwDnXN9Ttn8g7m9pnyDucSGpU8jknWfLxvX54J8,22185.11,ethereum,12204.27,9980.84,23.49,9980.84,1.36,0.0,12179.42,0.0,3,4,CLAUS,12178.52,54.9,,,,,,,,Multichain_Syndicate,0.4056,0.6964,4.0
87,ExactTallTakin,ExactTallTakin,ExactTallTakin,unmasked,0x6434454a2f00b3dbbf714de40c71c86857f881a3,AGdtsMmphhymH5wYW3dWKSkAxpLYRrNDCTFAfuq8ii9v,18383.45,solana,0.03,18383.41,0.0,18383.41,0.0,0.0,0.0,0.0,1,4,TikTok,12934.69,70.36,,,,,,,,Solana_DEX_Scalper,0.4964,0.0,3.5
88,Pasterniq,Pasterniq,Pasterniq,unmasked,0x6c1234dc73ee99934e8553ac82c4b0755f09a80a,9zZCjLr9xfXfp3qdqvPh6YeaEaagepz21khLhca69B18,2253.98,solana,810.19,1443.79,125.16,1443.79,594.09,61.51,27.36,0.0,5,4,DOGE,419.5,18.61,,,124242.12,13702026.81,2094.0,5737.87,122846.0,Multichain_Syndicate,0.0468,0.9491,2.25
89,frogmanhaha,Frogman,frogmanhaha,unmasked,0x14aa2a71dbb5ef87b81f92205e2699aa4aa65794,9wMSNoA7TzhwUjqsACVGEvzAxAibCHnsZTgXEAGov8zQ,2209.08,solana,559.87,1649.21,470.03,1649.21,69.5,18.48,1.86,0.0,4,4,PVE,405.96,18.38,,,,,,,,Solana_DEX_Scalper,0.0651,0.7023,1.0
90,idealplumtoad,IdealPlumToad,idealplumtoad,unmasked,0xdfa705fa2db5044e672d597e5eddcc11a9f2815c,5fkAwNVpT8A1UHEnY62VEFpqgagdoP8FYrv5ideiQp5c,1949.85,solana,412.27,1537.58,395.57,1537.58,3.44,0.0,13.01,0.0,3,4,NUTHOUSE,235.77,12.09,,,,,,,,Solana_DEX_Scalper,0.0228,0.5556,1.25
91,AnselFang,lonewolf孤狼,AnselFang,unmasked,0x5d65ac436e045fef100b457ce160d42b9ed484a6,DDV38CR14kXmjpedoxvvVoWHtX1c2qtacB6J2tWr6DAw,176.24,solana,89.09,87.15,84.48,87.15,0.0,0.0,0.0,2.12,2,4,USDC,75.61,42.9,,,,,,,,Diversified_Rotator,0.2399,0.7539,13.25
92,wukong,WuKong,wukong,unmasked,0x021339b32fa1b40c7773f70e5a1835a7fd01de07,DgmDUhxSoeek4sbiSP7Jnj68MJQayTLHjXncE4MLowVe,131.28,bsc,130.0,1.28,12.1,1.28,116.04,0.0,1.86,0.0,2,4,$BELG,91.39,69.61,,,,,,,,BSC_Alpha_Hunter,0.5026,0.4343,1.0
93,0xSporadic,Sporadic,0xSporadic,unmasked,0xa1be71b903206120fa2b2245e145a5d7be09d8f7,bhMTLsPCE8J8kbSgJeWYhSDEDbPYWxb8HepgMgsdSo3,15.86,hood,15.18,0.67,12.25,0.67,0.0,0.0,0.0,2.16,1,4,SOLD,2.05,12.95,,,156980.36,1143132.46,222.0,3528.19,2884.0,Robinhood_Meme_Whale,0.0431,0.605,1.75
94,solarfirmdingo,SolarFirmDingo,solarfirmdingo,unmasked,0x124cef73f47627f3f919bbab725b5fe924445d69,Ga4qb3YHybjDjAmhYwrR43yzsUkiWRgSbTGHGJGwVJ6S,10.58,solana,7.47,3.11,2.87,3.11,0.0,0.0,2.24,2.12,0,4,UNITY,2.24,21.12,,,,,,,,Diversified_Rotator,0.1286,1.3642,3.75
95,ether_monk,Ethermonk,ether_monk,unmasked,0x1412e6a737a516935982e8bdafe682305200212a,9rEdxWQUrpnRHmwos43dsPxLGXzRg2RPyjRFScxA4jAo,6.53,bsc,6.53,0.0,1.23,0.0,5.22,0.0,0.0,0.0,0,3,GMEB,1.74,26.59,,,,,,,,BSC_Alpha_Hunter,0.1427,0.4935,1.33
96,lowrivalrat,LowRivalRat,lowrivalrat,unmasked,0xfdea46fc1096da8929f5f1aff54682f4ece545d3,QKmzCtedsemC6Xwx3jndZv51TP2tSHQgwSYwDHjZ86x,5.66,hood,5.66,0.0,3.8,0.0,0.0,0.0,1.86,0.0,0,3,UNITY,1.86,32.83,,,,,,,,Robinhood_Meme_Whale,0.2311,0.633,3.67
97,lowgrandcrane,LowGrandCrane,lowgrandcrane,unmasked,0x9919e20bb91c78cd5282d3da39fead7d597d342c,,2.63,ethereum,2.63,0.0,0.0,0.0,0.0,0.0,1.86,0.0,0,1,UNITY,1.86,70.62,,,,,,,,Diversified_Rotator,0.4987,0.2456,5.0
98,boosted,mk4,boosted,masked,0xe53a…cb6c,6inFvQ…4wqg,481955.36,robinhood,240977.68,240977.68,240977.68,240977.68,0.0,0.0,0.0,0.0,2,0,UNRECORDED,0.0,0.0,,,192782.15,3364699.44,2159.0,4253.73,44659.0,High_Conviction_Maxi,1.0,0.6931,1.0
99,CryptoZachLA,Zach,CryptoZachLA,masked,0x1799…fa2f,D5Z8GX…EhJm,392944.25,robinhood,196472.13,196472.13,196472.13,196472.13,0.0,0.0,0.0,0.0,2,0,UNRECORDED,0.0,0.0,,,157177.7,91322.76,59.0,1902.56,1478.0,High_Conviction_Maxi,1.0,0.6931,1.0
100,XbtPika,Pika XBT,XbtPika,masked,0x5661…0bf7,E9aGsD…7GXA,357393.48,robinhood,178696.74,178696.74,178696.74,178696.74,0.0,0.0,0.0,0.0,2,0,UNRECORDED,0.0,0.0,69769.05,142957.39,,3574261.82,1414.0,2471.83,29587.0,High_Conviction_Maxi,1.0,0.6931,1.0
